[
  {
    "id": 1,
    "author": {
      "name": "User1",
      "username": "user1",
      "profileImage": "https://picsum.photos/40/40?random=1"
    },
    "content": "샘플 포스트 #1 — 해시태그 #dev1 와 멘션 @user1 포함",
    "images": [],
    "createdAt": "2025-09-18T01:00:00.000Z",
    "likes": 1,
    "retweets": 1,
    "comments": 1,
    "isLiked": false,
    "isRetweeted": false
  },
  {
    "id": 2,
    "author": {
      "name": "User2",
      "username": "user2",
      "profileImage": "https://picsum.photos/40/40?random=2"
    },
    "content": "샘플 포스트 #2 — 해시태그 #dev2 와 멘션 @user2 포함",
    "images": [],
    "createdAt": "2025-09-18T01:00:00.000Z",
    "likes": 2,
    "retweets": 2,
    "comments": 2,
    "isLiked": false,
    "isRetweeted": false
  },
  {
    "id": 3,
    "author": {
      "name": "User3",
      "username": "user3",
      "profileImage": "https://picsum.photos/40/40?random=3"
    },
    "content": "샘플 포스트 #3 — 해시태그 #dev3 와 멘션 @user0 포함",
    "images": [],
    "createdAt": "2025-09-18T01:00:00.000Z",
    "likes": 3,
    "retweets": 3,
    "comments": 0,
    "isLiked": false,
    "isRetweeted": false
  },
  {
    "id": 4,
    "author": {
      "name": "User4",
      "username": "user4",
      "profileImage": "https://picsum.photos/40/40?random=4"
    },
    "content": "샘플 포스트 #4 — 해시태그 #dev4 와 멘션 @user1 포함",
    "images": [
      "https://picsum.photos/800/450?random=4"
    ],
    "createdAt": "2025-09-18T01:00:00.000Z",
    "likes": 4,
    "retweets": 4,
    "comments": 1,
    "isLiked": false,
    "isRetweeted": false
  },
  {
    "id": 5,
    "author": {
      "name": "User5",
      "username": "user5",
      "profileImage": "https://picsum.photos/40/40?random=5"
    },
    "content": "샘플 포스트 #5 — 해시태그 #dev0 와 멘션 @user2 포함",
    "images": [],
    "createdAt": "2025-09-18T01:00:00.000Z",
    "likes": 5,
    "retweets": 0,
    "comments": 2,
    "isLiked": false,
    "isRetweeted": false
  },
  {
    "id": 6,
    "author": {
      "name": "User6",
      "username": "user6",
      "profileImage": "https://picsum.photos/40/40?random=6"
    },
    "content": "샘플 포스트 #6 — 해시태그 #dev1 와 멘션 @user0 포함",
    "images": [],
    "createdAt": "2025-09-18T01:00:00.000Z",
    "likes": 6,
    "retweets": 1,
    "comments": 0,
    "isLiked": false,
    "isRetweeted": false
  },
  {
    "id": 7,
    "author": {
      "name": "User7",
      "username": "user7",
      "profileImage": "https://picsum.photos/40/40?random=7"
    },
    "content": "샘플 포스트 #7 — 해시태그 #dev2 와 멘션 @user1 포함",
    "images": [],
    "createdAt": "2025-09-18T01:00:00.000Z",
    "likes": 0,
    "retweets": 2,
    "comments": 1,
    "isLiked": false,
    "isRetweeted": false
  },
  {
    "id": 8,
    "author": {
      "name": "User8",
      "username": "user8",
      "profileImage": "https://picsum.photos/40/40?random=8"
    },
    "content": "샘플 포스트 #8 — 해시태그 #dev3 와 멘션 @user2 포함",
    "images": [
      "https://picsum.photos/800/450?random=8"
    ],
    "createdAt": "2025-09-18T01:00:00.000Z",
    "likes": 1,
    "retweets": 3,
    "comments": 2,
    "isLiked": false,
    "isRetweeted": false
  },
  {
    "id": 9,
    "author": {
      "name": "User9",
      "username": "user9",
      "profileImage": "https://picsum.photos/40/40?random=9"
    },
    "content": "샘플 포스트 #9 — 해시태그 #dev4 와 멘션 @user0 포함",
    "images": [],
    "createdAt": "2025-09-18T01:00:00.000Z",
    "likes": 2,
    "retweets": 4,
    "comments": 0,
    "isLiked": false,
    "isRetweeted": false
  },
  {
    "id": 10,
    "author": {
      "name": "User10",
      "username": "user10",
      "profileImage": "https://picsum.photos/40/40?random=10"
    },
    "content": "샘플 포스트 #10 — 해시태그 #dev0 와 멘션 @user1 포함",
    "images": [],
    "createdAt": "2025-09-18T01:00:00.000Z",
    "likes": 3,
    "retweets": 0,
    "comments": 1,
    "isLiked": false,
    "isRetweeted": false
  },
  {
    "id": 11,
    "author": {
      "name": "User11",
      "username": "user11",
      "profileImage": "https://picsum.photos/40/40?random=11"
    },
    "content": "샘플 포스트 #11 — 해시태그 #dev1 와 멘션 @user2 포함",
    "images": [],
    "createdAt": "2025-09-18T01:00:00.000Z",
    "likes": 4,
    "retweets": 1,
    "comments": 2,
    "isLiked": false,
    "isRetweeted": false
  },
  {
    "id": 12,
    "author": {
      "name": "User12",
      "username": "user12",
      "profileImage": "https://picsum.photos/40/40?random=12"
    },
    "content": "샘플 포스트 #12 — 해시태그 #dev2 와 멘션 @user0 포함",
    "images": [
      "https://picsum.photos/800/450?random=12"
    ],
    "createdAt": "2025-09-18T01:00:00.000Z",
    "likes": 5,
    "retweets": 2,
    "comments": 0,
    "isLiked": false,
    "isRetweeted": false
  },
  {
    "id": 13,
    "author": {
      "name": "User13",
      "username": "user13",
      "profileImage": "https://picsum.photos/40/40?random=13"
    },
    "content": "샘플 포스트 #13 — 해시태그 #dev3 와 멘션 @user1 포함",
    "images": [],
    "createdAt": "2025-09-18T01:00:00.000Z",
    "likes": 6,
    "retweets": 3,
    "comments": 1,
    "isLiked": false,
    "isRetweeted": false
  },
  {
    "id": 14,
    "author": {
      "name": "User14",
      "username": "user14",
      "profileImage": "https://picsum.photos/40/40?random=14"
    },
    "content": "샘플 포스트 #14 — 해시태그 #dev4 와 멘션 @user2 포함",
    "images": [],
    "createdAt": "2025-09-18T01:00:00.000Z",
    "likes": 0,
    "retweets": 4,
    "comments": 2,
    "isLiked": false,
    "isRetweeted": false
  },
  {
    "id": 15,
    "author": {
      "name": "User15",
      "username": "user15",
      "profileImage": "https://picsum.photos/40/40?random=15"
    },
    "content": "샘플 포스트 #15 — 해시태그 #dev0 와 멘션 @user0 포함",
    "images": [],
    "createdAt": "2025-09-18T01:00:00.000Z",
    "likes": 1,
    "retweets": 0,
    "comments": 0,
    "isLiked": false,
    "isRetweeted": false
  },
  {
    "id": 16,
    "author": {
      "name": "User16",
      "username": "user16",
      "profileImage": "https://picsum.photos/40/40?random=16"
    },
    "content": "샘플 포스트 #16 — 해시태그 #dev1 와 멘션 @user1 포함",
    "images": [
      "https://picsum.photos/800/450?random=16"
    ],
    "createdAt": "2025-09-18T01:00:00.000Z",
    "likes": 2,
    "retweets": 1,
    "comments": 1,
    "isLiked": false,
    "isRetweeted": false
  },
  {
    "id": 17,
    "author": {
      "name": "User17",
      "username": "user17",
      "profileImage": "https://picsum.photos/40/40?random=17"
    },
    "content": "샘플 포스트 #17 — 해시태그 #dev2 와 멘션 @user2 포함",
    "images": [],
    "createdAt": "2025-09-18T01:00:00.000Z",
    "likes": 3,
    "retweets": 2,
    "comments": 2,
    "isLiked": false,
    "isRetweeted": false
  },
  {
    "id": 18,
    "author": {
      "name": "User18",
      "username": "user18",
      "profileImage": "https://picsum.photos/40/40?random=18"
    },
    "content": "샘플 포스트 #18 — 해시태그 #dev3 와 멘션 @user0 포함",
    "images": [],
    "createdAt": "2025-09-18T01:00:00.000Z",
    "likes": 4,
    "retweets": 3,
    "comments": 0,
    "isLiked": false,
    "isRetweeted": false
  },
  {
    "id": 19,
    "author": {
      "name": "User19",
      "username": "user19",
      "profileImage": "https://picsum.photos/40/40?random=19"
    },
    "content": "샘플 포스트 #19 — 해시태그 #dev4 와 멘션 @user1 포함",
    "images": [],
    "createdAt": "2025-09-18T01:00:00.000Z",
    "likes": 5,
    "retweets": 4,
    "comments": 1,
    "isLiked": false,
    "isRetweeted": false
  },
  {
    "id": 20,
    "author": {
      "name": "User20",
      "username": "user20",
      "profileImage": "https://picsum.photos/40/40?random=20"
    },
    "content": "샘플 포스트 #20 — 해시태그 #dev0 와 멘션 @user2 포함",
    "images": [
      "https://picsum.photos/800/450?random=20"
    ],
    "createdAt": "2025-09-18T01:00:00.000Z",
    "likes": 6,
    "retweets": 0,
    "comments": 2,
    "isLiked": false,
    "isRetweeted": false
  },
  {
    "id": 21,
    "author": {
      "name": "User21",
      "username": "user21",
      "profileImage": "https://picsum.photos/40/40?random=21"
    },
    "content": "샘플 포스트 #21 — 해시태그 #dev1 와 멘션 @user0 포함",
    "images": [],
    "createdAt": "2025-09-18T01:00:00.000Z",
    "likes": 0,
    "retweets": 1,
    "comments": 0,
    "isLiked": false,
    "isRetweeted": false
  },
  {
    "id": 22,
    "author": {
      "name": "User22",
      "username": "user22",
      "profileImage": "https://picsum.photos/40/40?random=22"
    },
    "content": "샘플 포스트 #22 — 해시태그 #dev2 와 멘션 @user1 포함",
    "images": [],
    "createdAt": "2025-09-18T01:00:00.000Z",
    "likes": 1,
    "retweets": 2,
    "comments": 1,
    "isLiked": false,
    "isRetweeted": false
  },
  {
    "id": 23,
    "author": {
      "name": "User23",
      "username": "user23",
      "profileImage": "https://picsum.photos/40/40?random=23"
    },
    "content": "샘플 포스트 #23 — 해시태그 #dev3 와 멘션 @user2 포함",
    "images": [],
    "createdAt": "2025-09-18T01:00:00.000Z",
    "likes": 2,
    "retweets": 3,
    "comments": 2,
    "isLiked": false,
    "isRetweeted": false
  },
  {
    "id": 24,
    "author": {
      "name": "User24",
      "username": "user24",
      "profileImage": "https://picsum.photos/40/40?random=24"
    },
    "content": "샘플 포스트 #24 — 해시태그 #dev4 와 멘션 @user0 포함",
    "images": [
      "https://picsum.photos/800/450?random=24"
    ],
    "createdAt": "2025-09-18T01:00:00.000Z",
    "likes": 3,
    "retweets": 4,
    "comments": 0,
    "isLiked": false,
    "isRetweeted": false
  },
  {
    "id": 25,
    "author": {
      "name": "User25",
      "username": "user25",
      "profileImage": "https://picsum.photos/40/40?random=25"
    },
    "content": "샘플 포스트 #25 — 해시태그 #dev0 와 멘션 @user1 포함",
    "images": [],
    "createdAt": "2025-09-18T01:00:00.000Z",
    "likes": 4,
    "retweets": 0,
    "comments": 1,
    "isLiked": false,
    "isRetweeted": false
  },
  {
    "id": 26,
    "author": {
      "name": "User26",
      "username": "user26",
      "profileImage": "https://picsum.photos/40/40?random=26"
    },
    "content": "샘플 포스트 #26 — 해시태그 #dev1 와 멘션 @user2 포함",
    "images": [],
    "createdAt": "2025-09-18T01:00:00.000Z",
    "likes": 5,
    "retweets": 1,
    "comments": 2,
    "isLiked": false,
    "isRetweeted": false
  },
  {
    "id": 27,
    "author": {
      "name": "User27",
      "username": "user27",
      "profileImage": "https://picsum.photos/40/40?random=27"
    },
    "content": "샘플 포스트 #27 — 해시태그 #dev2 와 멘션 @user0 포함",
    "images": [],
    "createdAt": "2025-09-18T01:00:00.000Z",
    "likes": 6,
    "retweets": 2,
    "comments": 0,
    "isLiked": false,
    "isRetweeted": false
  },
  {
    "id": 28,
    "author": {
      "name": "User28",
      "username": "user28",
      "profileImage": "https://picsum.photos/40/40?random=28"
    },
    "content": "샘플 포스트 #28 — 해시태그 #dev3 와 멘션 @user1 포함",
    "images": [
      "https://picsum.photos/800/450?random=28"
    ],
    "createdAt": "2025-09-18T01:00:00.000Z",
    "likes": 0,
    "retweets": 3,
    "comments": 1,
    "isLiked": false,
    "isRetweeted": false
  },
  {
    "id": 29,
    "author": {
      "name": "User29",
      "username": "user29",
      "profileImage": "https://picsum.photos/40/40?random=29"
    },
    "content": "샘플 포스트 #29 — 해시태그 #dev4 와 멘션 @user2 포함",
    "images": [],
    "createdAt": "2025-09-18T01:00:00.000Z",
    "likes": 1,
    "retweets": 4,
    "comments": 2,
    "isLiked": false,
    "isRetweeted": false
  },
  {
    "id": 30,
    "author": {
      "name": "User30",
      "username": "user30",
      "profileImage": "https://picsum.photos/40/40?random=30"
    },
    "content": "샘플 포스트 #30 — 해시태그 #dev0 와 멘션 @user0 포함",
    "images": [],
    "createdAt": "2025-09-18T01:00:00.000Z",
    "likes": 2,
    "retweets": 0,
    "comments": 0,
    "isLiked": false,
    "isRetweeted": false
  },
  {
    "id": 31,
    "author": {
      "name": "User31",
      "username": "user31",
      "profileImage": "https://picsum.photos/40/40?random=31"
    },
    "content": "샘플 포스트 #31 — 해시태그 #dev1 와 멘션 @user1 포함",
    "images": [],
    "createdAt": "2025-09-18T01:00:00.000Z",
    "likes": 3,
    "retweets": 1,
    "comments": 1,
    "isLiked": false,
    "isRetweeted": false
  },
  {
    "id": 32,
    "author": {
      "name": "User32",
      "username": "user32",
      "profileImage": "https://picsum.photos/40/40?random=32"
    },
    "content": "샘플 포스트 #32 — 해시태그 #dev2 와 멘션 @user2 포함",
    "images": [
      "https://picsum.photos/800/450?random=32"
    ],
    "createdAt": "2025-09-18T01:00:00.000Z",
    "likes": 4,
    "retweets": 2,
    "comments": 2,
    "isLiked": false,
    "isRetweeted": false
  },
  {
    "id": 33,
    "author": {
      "name": "User33",
      "username": "user33",
      "profileImage": "https://picsum.photos/40/40?random=33"
    },
    "content": "샘플 포스트 #33 — 해시태그 #dev3 와 멘션 @user0 포함",
    "images": [],
    "createdAt": "2025-09-18T01:00:00.000Z",
    "likes": 5,
    "retweets": 3,
    "comments": 0,
    "isLiked": false,
    "isRetweeted": false
  },
  {
    "id": 34,
    "author": {
      "name": "User34",
      "username": "user34",
      "profileImage": "https://picsum.photos/40/40?random=34"
    },
    "content": "샘플 포스트 #34 — 해시태그 #dev4 와 멘션 @user1 포함",
    "images": [],
    "createdAt": "2025-09-18T01:00:00.000Z",
    "likes": 6,
    "retweets": 4,
    "comments": 1,
    "isLiked": false,
    "isRetweeted": false
  },
  {
    "id": 35,
    "author": {
      "name": "User35",
      "username": "user35",
      "profileImage": "https://picsum.photos/40/40?random=35"
    },
    "content": "샘플 포스트 #35 — 해시태그 #dev0 와 멘션 @user2 포함",
    "images": [],
    "createdAt": "2025-09-18T01:00:00.000Z",
    "likes": 0,
    "retweets": 0,
    "comments": 2,
    "isLiked": false,
    "isRetweeted": false
  },
  {
    "id": 36,
    "author": {
      "name": "User36",
      "username": "user36",
      "profileImage": "https://picsum.photos/40/40?random=36"
    },
    "content": "샘플 포스트 #36 — 해시태그 #dev1 와 멘션 @user0 포함",
    "images": [
      "https://picsum.photos/800/450?random=36"
    ],
    "createdAt": "2025-09-18T01:00:00.000Z",
    "likes": 1,
    "retweets": 1,
    "comments": 0,
    "isLiked": false,
    "isRetweeted": false
  },
  {
    "id": 37,
    "author": {
      "name": "User37",
      "username": "user37",
      "profileImage": "https://picsum.photos/40/40?random=37"
    },
    "content": "샘플 포스트 #37 — 해시태그 #dev2 와 멘션 @user1 포함",
    "images": [],
    "createdAt": "2025-09-18T01:00:00.000Z",
    "likes": 2,
    "retweets": 2,
    "comments": 1,
    "isLiked": false,
    "isRetweeted": false
  },
  {
    "id": 38,
    "author": {
      "name": "User38",
      "username": "user38",
      "profileImage": "https://picsum.photos/40/40?random=38"
    },
    "content": "샘플 포스트 #38 — 해시태그 #dev3 와 멘션 @user2 포함",
    "images": [],
    "createdAt": "2025-09-18T01:00:00.000Z",
    "likes": 3,
    "retweets": 3,
    "comments": 2,
    "isLiked": false,
    "isRetweeted": false
  },
  {
    "id": 39,
    "author": {
      "name": "User39",
      "username": "user39",
      "profileImage": "https://picsum.photos/40/40?random=39"
    },
    "content": "샘플 포스트 #39 — 해시태그 #dev4 와 멘션 @user0 포함",
    "images": [],
    "createdAt": "2025-09-18T01:00:00.000Z",
    "likes": 4,
    "retweets": 4,
    "comments": 0,
    "isLiked": false,
    "isRetweeted": false
  },
  {
    "id": 40,
    "author": {
      "name": "User40",
      "username": "user40",
      "profileImage": "https://picsum.photos/40/40?random=40"
    },
    "content": "샘플 포스트 #40 — 해시태그 #dev0 와 멘션 @user1 포함",
    "images": [
      "https://picsum.photos/800/450?random=40"
    ],
    "createdAt": "2025-09-18T01:00:00.000Z",
    "likes": 5,
    "retweets": 0,
    "comments": 1,
    "isLiked": false,
    "isRetweeted": false
  },
  {
    "id": 41,
    "author": {
      "name": "User41",
      "username": "user41",
      "profileImage": "https://picsum.photos/40/40?random=41"
    },
    "content": "샘플 포스트 #41 — 해시태그 #dev1 와 멘션 @user2 포함",
    "images": [],
    "createdAt": "2025-09-18T01:00:00.000Z",
    "likes": 6,
    "retweets": 1,
    "comments": 2,
    "isLiked": false,
    "isRetweeted": false
  },
  {
    "id": 42,
    "author": {
      "name": "User42",
      "username": "user42",
      "profileImage": "https://picsum.photos/40/40?random=42"
    },
    "content": "샘플 포스트 #42 — 해시태그 #dev2 와 멘션 @user0 포함",
    "images": [],
    "createdAt": "2025-09-18T01:00:00.000Z",
    "likes": 0,
    "retweets": 2,
    "comments": 0,
    "isLiked": false,
    "isRetweeted": false
  },
  {
    "id": 43,
    "author": {
      "name": "User43",
      "username": "user43",
      "profileImage": "https://picsum.photos/40/40?random=43"
    },
    "content": "샘플 포스트 #43 — 해시태그 #dev3 와 멘션 @user1 포함",
    "images": [],
    "createdAt": "2025-09-18T01:00:00.000Z",
    "likes": 1,
    "retweets": 3,
    "comments": 1,
    "isLiked": false,
    "isRetweeted": false
  },
  {
    "id": 44,
    "author": {
      "name": "User44",
      "username": "user44",
      "profileImage": "https://picsum.photos/40/40?random=44"
    },
    "content": "샘플 포스트 #44 — 해시태그 #dev4 와 멘션 @user2 포함",
    "images": [
      "https://picsum.photos/800/450?random=44"
    ],
    "createdAt": "2025-09-18T01:00:00.000Z",
    "likes": 2,
    "retweets": 4,
    "comments": 2,
    "isLiked": false,
    "isRetweeted": false
  },
  {
    "id": 45,
    "author": {
      "name": "User45",
      "username": "user45",
      "profileImage": "https://picsum.photos/40/40?random=45"
    },
    "content": "샘플 포스트 #45 — 해시태그 #dev0 와 멘션 @user0 포함",
    "images": [],
    "createdAt": "2025-09-18T01:00:00.000Z",
    "likes": 3,
    "retweets": 0,
    "comments": 0,
    "isLiked": false,
    "isRetweeted": false
  },
  {
    "id": 46,
    "author": {
      "name": "User46",
      "username": "user46",
      "profileImage": "https://picsum.photos/40/40?random=46"
    },
    "content": "샘플 포스트 #46 — 해시태그 #dev1 와 멘션 @user1 포함",
    "images": [],
    "createdAt": "2025-09-18T01:00:00.000Z",
    "likes": 4,
    "retweets": 1,
    "comments": 1,
    "isLiked": false,
    "isRetweeted": false
  },
  {
    "id": 47,
    "author": {
      "name": "User47",
      "username": "user47",
      "profileImage": "https://picsum.photos/40/40?random=47"
    },
    "content": "샘플 포스트 #47 — 해시태그 #dev2 와 멘션 @user2 포함",
    "images": [],
    "createdAt": "2025-09-18T01:00:00.000Z",
    "likes": 5,
    "retweets": 2,
    "comments": 2,
    "isLiked": false,
    "isRetweeted": false
  },
  {
    "id": 48,
    "author": {
      "name": "User48",
      "username": "user48",
      "profileImage": "https://picsum.photos/40/40?random=48"
    },
    "content": "샘플 포스트 #48 — 해시태그 #dev3 와 멘션 @user0 포함",
    "images": [
      "https://picsum.photos/800/450?random=48"
    ],
    "createdAt": "2025-09-18T01:00:00.000Z",
    "likes": 6,
    "retweets": 3,
    "comments": 0,
    "isLiked": false,
    "isRetweeted": false
  },
  {
    "id": 49,
    "author": {
      "name": "User49",
      "username": "user49",
      "profileImage": "https://picsum.photos/40/40?random=49"
    },
    "content": "샘플 포스트 #49 — 해시태그 #dev4 와 멘션 @user1 포함",
    "images": [],
    "createdAt": "2025-09-18T01:00:00.000Z",
    "likes": 0,
    "retweets": 4,
    "comments": 1,
    "isLiked": false,
    "isRetweeted": false
  },
  {
    "id": 50,
    "author": {
      "name": "User50",
      "username": "user50",
      "profileImage": "https://picsum.photos/40/40?random=50"
    },
    "content": "샘플 포스트 #50 — 해시태그 #dev0 와 멘션 @user2 포함",
    "images": [],
    "createdAt": "2025-09-18T01:00:00.000Z",
    "likes": 1,
    "retweets": 0,
    "comments": 2,
    "isLiked": false,
    "isRetweeted": false
  },
  {
    "id": 51,
    "author": {
      "name": "User51",
      "username": "user51",
      "profileImage": "https://picsum.photos/40/40?random=51"
    },
    "content": "샘플 포스트 #51 — 해시태그 #dev1 와 멘션 @user0 포함",
    "images": [],
    "createdAt": "2025-09-18T01:00:00.000Z",
    "likes": 2,
    "retweets": 1,
    "comments": 0,
    "isLiked": false,
    "isRetweeted": false
  },
  {
    "id": 52,
    "author": {
      "name": "User52",
      "username": "user52",
      "profileImage": "https://picsum.photos/40/40?random=52"
    },
    "content": "샘플 포스트 #52 — 해시태그 #dev2 와 멘션 @user1 포함",
    "images": [
      "https://picsum.photos/800/450?random=52"
    ],
    "createdAt": "2025-09-18T01:00:00.000Z",
    "likes": 3,
    "retweets": 2,
    "comments": 1,
    "isLiked": false,
    "isRetweeted": false
  },
  {
    "id": 53,
    "author": {
      "name": "User53",
      "username": "user53",
      "profileImage": "https://picsum.photos/40/40?random=53"
    },
    "content": "샘플 포스트 #53 — 해시태그 #dev3 와 멘션 @user2 포함",
    "images": [],
    "createdAt": "2025-09-18T01:00:00.000Z",
    "likes": 4,
    "retweets": 3,
    "comments": 2,
    "isLiked": false,
    "isRetweeted": false
  },
  {
    "id": 54,
    "author": {
      "name": "User54",
      "username": "user54",
      "profileImage": "https://picsum.photos/40/40?random=54"
    },
    "content": "샘플 포스트 #54 — 해시태그 #dev4 와 멘션 @user0 포함",
    "images": [],
    "createdAt": "2025-09-18T01:00:00.000Z",
    "likes": 5,
    "retweets": 4,
    "comments": 0,
    "isLiked": false,
    "isRetweeted": false
  },
  {
    "id": 55,
    "author": {
      "name": "User55",
      "username": "user55",
      "profileImage": "https://picsum.photos/40/40?random=55"
    },
    "content": "샘플 포스트 #55 — 해시태그 #dev0 와 멘션 @user1 포함",
    "images": [],
    "createdAt": "2025-09-18T01:00:00.000Z",
    "likes": 6,
    "retweets": 0,
    "comments": 1,
    "isLiked": false,
    "isRetweeted": false
  },
  {
    "id": 56,
    "author": {
      "name": "User56",
      "username": "user56",
      "profileImage": "https://picsum.photos/40/40?random=56"
    },
    "content": "샘플 포스트 #56 — 해시태그 #dev1 와 멘션 @user2 포함",
    "images": [
      "https://picsum.photos/800/450?random=56"
    ],
    "createdAt": "2025-09-18T01:00:00.000Z",
    "likes": 0,
    "retweets": 1,
    "comments": 2,
    "isLiked": false,
    "isRetweeted": false
  },
  {
    "id": 57,
    "author": {
      "name": "User57",
      "username": "user57",
      "profileImage": "https://picsum.photos/40/40?random=57"
    },
    "content": "샘플 포스트 #57 — 해시태그 #dev2 와 멘션 @user0 포함",
    "images": [],
    "createdAt": "2025-09-18T01:00:00.000Z",
    "likes": 1,
    "retweets": 2,
    "comments": 0,
    "isLiked": false,
    "isRetweeted": false
  },
  {
    "id": 58,
    "author": {
      "name": "User58",
      "username": "user58",
      "profileImage": "https://picsum.photos/40/40?random=58"
    },
    "content": "샘플 포스트 #58 — 해시태그 #dev3 와 멘션 @user1 포함",
    "images": [],
    "createdAt": "2025-09-18T01:00:00.000Z",
    "likes": 2,
    "retweets": 3,
    "comments": 1,
    "isLiked": false,
    "isRetweeted": false
  },
  {
    "id": 59,
    "author": {
      "name": "User59",
      "username": "user59",
      "profileImage": "https://picsum.photos/40/40?random=59"
    },
    "content": "샘플 포스트 #59 — 해시태그 #dev4 와 멘션 @user2 포함",
    "images": [],
    "createdAt": "2025-09-18T01:00:00.000Z",
    "likes": 3,
    "retweets": 4,
    "comments": 2,
    "isLiked": false,
    "isRetweeted": false
  },
  {
    "id": 60,
    "author": {
      "name": "User60",
      "username": "user60",
      "profileImage": "https://picsum.photos/40/40?random=60"
    },
    "content": "샘플 포스트 #60 — 해시태그 #dev0 와 멘션 @user0 포함",
    "images": [
      "https://picsum.photos/800/450?random=60"
    ],
    "createdAt": "2025-09-18T01:00:00.000Z",
    "likes": 4,
    "retweets": 0,
    "comments": 0,
    "isLiked": false,
    "isRetweeted": false
  }
]